<?xml version="1.0" encoding="UTF-8"?>
<project-private xmlns="http://www.netbeans.org/ns/project-private/1">
    <editor-bookmarks xmlns="http://www.netbeans.org/ns/editor-bookmarks/2" lastBookmarkId="0"/>
    <open-files xmlns="http://www.netbeans.org/ns/projectui-open-files/2">
        <group>
            <file>file:/E:/JAVA%20HVKTMM/AT160310_LangKhuongDuy/src/Bai1b_Bai2/Main2.java</file>
            <file>file:/E:/JAVA%20HVKTMM/AT160310_LangKhuongDuy/src/Bai4/Matran.java</file>
            <file>file:/E:/JAVA%20HVKTMM/AT160310_LangKhuongDuy/src/Bai6/Main6.java</file>
            <file>file:/E:/JAVA%20HVKTMM/AT160310_LangKhuongDuy/src/Bai1a/Main.java</file>
            <file>file:/E:/JAVA%20HVKTMM/AT160310_LangKhuongDuy/src/Bai1a/StackDemo.java</file>
            <file>file:/E:/JAVA%20HVKTMM/AT160310_LangKhuongDuy/src/Bai3/Main3.java</file>
            <file>file:/E:/JAVA%20HVKTMM/AT160310_LangKhuongDuy/src/Bai5/Vecto.java</file>
            <file>file:/E:/JAVA%20HVKTMM/AT160310_LangKhuongDuy/src/Bai4/Main4.java</file>
            <file>file:/E:/JAVA%20HVKTMM/AT160310_LangKhuongDuy/src/Bai1b_Bai2/Stack.java</file>
            <file>file:/E:/JAVA%20HVKTMM/AT160310_LangKhuongDuy/src/Bai6/SoPhuc.java</file>
            <file>file:/E:/JAVA%20HVKTMM/AT160310_LangKhuongDuy/src/Bai7/Main7.java</file>
            <file>file:/E:/JAVA%20HVKTMM/AT160310_LangKhuongDuy/src/Bai7/PhanSo.java</file>
            <file>file:/E:/JAVA%20HVKTMM/AT160310_LangKhuongDuy/src/Bai5/Main5.java</file>
        </group>
    </open-files>
</project-private>
